Date,Twitter_ID,User_Name,Followers,Tweet,Link,Favourites,Retweets
2019-08-16 20:01:05,frances_okolo,Frances Okolo,17,"#Nigeria #Tableau #VisOfTheDay #Maps

Goodnight", https://t.co/8SuyWPii2V,0,0
2019-08-16 18:05:04,infolabUK,The Information Lab,7529,"#TableauTip üí°
How to save time üïí on default properties of measures: https://t.co/6VWYSYiFiM

#Tableau #DataViz", https://t.co/O8hA7cGlPh,1,2
2019-08-16 17:59:54,ByStefCaldwell,Stef Caldwell,5,"There are people that walk into your life and unexpectedly change the way you think permanently.  
@elissafink is t‚Ä¶", https://t.co/UWBdjJsWdX,0,0
2019-08-16 17:57:33,YEMGunter,Yolanda Gunter,1832,This happened last night w @lelienmusic after the @generalassembly Intro to Data Analytics class at @wework üõ¥ @lime‚Ä¶, https://t.co/9HJAoKe6uW,1,0
2019-08-16 17:52:41,craigbloodworth,Craig Bloodworth,5596,"It's Desktop, no it's Prep, no! It's The Hyper Lab!!! (actually it's my submission for the #tableau #datadev Virtua‚Ä¶", https://t.co/0IZRyBJY3g,9,0
2019-08-16 17:49:11,bostontug,@BostonTUG,185,"This week's #TableauFF comes from Biddeford Maine, The Aristotle of #Tableau, Jonathan Drummey. @jonathandrummey  .‚Ä¶", https://t.co/g3ch7evUOY,5,0
2019-08-16 17:40:27,elliekmason,Ellie Mason,381,"Thanks for the feature @tableaupublic!

‚ùÑÔ∏èüåéüå¨

 #tableau #spatialdata", https://t.co/w1kh831dhg,4,1
2019-08-16 17:30:15,infocaptor,InfoCaptor,13297,"Web based #Tableau alternative that does beautiful #visualizations, stunning #dashboards, lifts #bigdata and is che‚Ä¶", https://t.co/7nMHOT8yzq,2,2
2019-08-16 17:30:05,interworks,InterWorks,6345,Raphael shares a practical #usecase for #ParameterActions in #Tableau. See how he applies this new feature to swapp‚Ä¶, https://t.co/EbUPzxvgnM,0,1
2019-08-16 16:42:09,Ci_Li_Images,@ci.li.images,65,"#tableau , loving the angles in this. Getting that vintage @InterviewMag feel. Love that #magazine it has definitel‚Ä¶", https://t.co/h5hpIuYDmX,0,1
2019-08-16 16:37:45,couponfree01,Coupon Free,1914,Udemy Free Discount - Complete predictive modeling &amp; app building bootcamp #udemycoupon -&gt; https://t.co/IF01DrDvFS‚Ä¶, https://t.co/RzudYp3NMr,2,3
2019-08-16 16:35:56,AdamMico1,Adam Mico,164,Yeet as the kids say. This viz got the trending #tableau hashtag notification on LinkedIn! Feel free to connect wit‚Ä¶, https://t.co/RGPyXzzYfT,0,1
2019-08-16 16:25:28,machbase,MACHBASE,71,#Energy #Bigdata project. MachBase was able to load 3 years of data collection of IoT Gateway and various data sour‚Ä¶, https://t.co/qeWhXhLlla,1,4
2019-08-16 16:23:19,callmedeeray,Desire√© Abbott,448,@srdennett @data_jackalope @DataDavidDeluxe @MarkBradbourne @YetterDataViz @FredrickNajjar @mcconnellj (1) If it's‚Ä¶, https://t.co/fRkYPIfAh3,5,0
2019-08-16 16:15:04,interworks,InterWorks,6345,Maintain network security and privacy without sacrificing performance or convenience. Matthew walks through multi-t‚Ä¶, https://t.co/ilEGEloaKA,0,0
2019-08-16 15:44:18,nadia_newnew,Nadia,111,Stardust üåü. #art #Artiste  #tableau #peinture #colorful #instagood ##acrylicpainting #newartist #newart‚Ä¶, https://t.co/lceRikqIjd,0,1
2019-08-16 15:28:42,freecoupondisco,Free Coupon Discount,63,"Free Coupons Discount - Build Creative Website Using HTML5, CSS3, jQuery &amp; Bootstrap Courses -&gt;‚Ä¶", https://t.co/B6KpXhdPbZ,5,7
2019-08-16 14:55:23,sarahlovesdata,Sarah Bartlett,6032,We're excited to announce we'll be hosting a #LondonTUG event LIVE at the London #datadev hackathon on 11th Sep! Co‚Ä¶, https://t.co/hE7iNcoODA,10,6
2019-08-16 14:45:05,infolabUK,The Information Lab,7529,What if we told you that it was possible to convert a CSV file üìö into a #TableauHyper file üìä in less time than it t‚Ä¶, https://t.co/9sxLHJMDmA,6,0
2019-08-16 14:33:59,ExasolAG,Exasol,21181,"Data modeling with our #analytics database, and visual analysis in #Tableau and learn...

- Why you should use the‚Ä¶", https://t.co/9F5xULQp9F,1,1
2019-08-16 14:30:23,infolabUK,The Information Lab,7529,"Music is equally personal as it is connective üé∂ 
Here a tip to sort your favourite music and how can be an inspirat‚Ä¶", https://t.co/Ma1tbN3yZG,0,1
2019-08-16 14:15:17,besegal,Bruce Segal,987,Ever wonder what the most important updates are to each #Tableau version from 9.3 to 2019.3? I just updated my‚Ä¶, https://t.co/vTExzDufMv,6,1
2019-08-16 14:15:02,dataforacause,@dataforacause,506,"Looking for inspiration? Read the best of the Tableau Web for new variations for lines, slopes, and parameter actio‚Ä¶", https://t.co/twDTm6ypeq,6,1
2019-08-16 14:13:05,YvonFitz,Yvonne,569,SAY WHAT? A Brief History of Profanity in Hip Hop @sarahlovesdata #IronViz feeder project featured on‚Ä¶, https://t.co/wpNCPMXfIj,2,1
2019-08-16 13:40:59,couponfree01,Coupon Free,1914,Udemy Free Discount - Data Science for Beginners: Hands-On Data Science in Python #udemycoupon -&gt;‚Ä¶, https://t.co/TRMPed6tJc,3,3
2019-08-16 13:34:50,ClaireWork2,Claire Worküêù,69,Excited to begin work with @ellaworsdale on using #tableau to give the trust some comprehensive data about 'Time to‚Ä¶, https://t.co/Hv5xffbAV4,10,2
2019-08-16 13:20:35,jlannelongue_,Julien Lannelongue,174,"50 years of China's space journey

In preparation for China's 2030 mission to the moon, Wendy Shijia takes a look a‚Ä¶", https://t.co/gZ7Cy5gPwl,0,1
2019-08-16 13:18:33,sarahlovesdata,Sarah Bartlett,6032,I had made a note to nominate @ShijiaWendy as my #TableauFF this week but @SimonBeaumont04 beat me to it! So here's‚Ä¶, https://t.co/1NSA9Jk0q3,10,0
2019-08-16 12:31:49,clewsclues,Chris Lewis,120,"I've always gotten a kick out of how out of touch critics are with audiences, so I made a @tableau viz of the weeke‚Ä¶", https://t.co/2P9SCDtjcJ,5,2
2019-08-16 12:30:43,tq_equities,TQ Equities,170,$DATA finds buyers around 169.53 for the forth day in a row:," https://t.co/qxfXRp7XAj
Sentiment: Bullish #DATA #Tableau",1,1
2019-08-16 12:13:30,pokcay,Teguh Aristianto,137,"Which one easier to understand?
#Tableau
#TableauViz
#TableauIndonesia", https://t.co/aB59CNgFMJ,1,1
2019-08-16 11:54:43,M2dot,M2.,173,"Global Warming, visualized differently: We have approached the topic of #globalwarming in an experimental way - wit‚Ä¶", https://t.co/gYQmY1Tohr,3,1
2019-08-16 11:25:30,archierjames,Archie James,2528,Let @kori_losack put you in one of these #Hotjobs @CorusStaffing a @ConvergeTSC #Tableau #Developer #Testing‚Ä¶, https://t.co/BCz7n47duA,0,1
2019-08-16 11:16:34,Itelligence12,etlhive,326,"Attend free demo session of Tableau at ETLHIVE, Kharadi branch on 17th Aug 2019 11.00 AM
Visit -‚Ä¶", https://t.co/b3kSDMBjle,0,1
2019-08-16 10:50:13,Joshua11211996,KingJLO,276,CONGRATULATIONS my 12 Tenacityyyy ayeeee üòç #1stplacer #Tableau #proudFilipinoTeacherhereee üíï‚ù§Ô∏è, https://t.co/nVHQNN7BZm,44,15
2019-08-16 10:36:16,Data_Cubed_Ltd,Data Cubed Ltd,62,"In our recent blog post, we discuss the steps to great data visualisations. Not sure which data viz software to use‚Ä¶", https://t.co/hkexn4JK0f,2,1
2019-08-16 10:03:59,KubicleTraining,Kubicle,317,Why should you use #Tableau? Find out how it can change your business. #data, https://t.co/SzaTMGLR1y,1,1
2019-08-16 10:02:50,atheonanalytics,Atheon Analytics,451,"What exactly does ""humanising your Flow-of-Goods data"" mean? Let our Product Manager, Ed Crawford explain all.‚Ä¶", https://t.co/qMnBO8T3bu,1,1
2019-08-16 09:29:03,BerlinTug,Berlin Tableau User Group,63,"Save the date. August BTUG Meetup
When: Aug 22, 2019 @ 7pm
What:
1) Flaconi's journey from #PowerBI to #Tableau by‚Ä¶", https://t.co/PIg83qoC0O,1,2
2019-08-16 09:26:23,DD_NaNa_,nanaü¶Ñ,26074,Visual Data Storytelling with Tableau (Addison-Wesley Data &amp; Analytics Series), https://t.co/pUE40MQ3Ja #Tableau,2,1
2019-08-16 09:15:46,freecoupondisco,Free Coupon Discount,63,"Free Coupons Discount - Learn Responsive Web Development from Scratch Courses -&gt; https://t.co/iU8K1wThuT

#udemy‚Ä¶", https://t.co/6svFweWsFV,3,0
2019-08-16 09:09:05,DjHolderness,DJHolderness,19,"#Tableau Friends, got a question. I saw a dashboard this week where you could press a play button, and it increment‚Ä¶", https://t.co/SjMZpCqKOT,1,1
2019-08-16 08:11:36,couponfree01,Coupon Free,1914,Udemy Free Discount - The Ultimate Data Science &amp; Machine Learning Python in 2019 #udemycoupon -&gt;‚Ä¶, https://t.co/QCTEQFsi2k,8,9
2019-08-16 07:46:39,InterWorksEU,InterWorks Europe,527,"@talva_cz  shares what you need to know, plus some bonus insight from her firsthand experience, to become a‚Ä¶", https://t.co/paIP3FO2IK,2,1
2019-08-16 06:15:40,Mindmajix,Mindmajix,508,"In this free #Tableau video, we are going to learn how to use #TabCMD &amp; integrate it with a batch file for periodic‚Ä¶", https://t.co/DXBciWGCQv,3,3
2019-08-16 06:14:10,4junctions,4junctions,94,"#Tableau #Online &amp; Offline #Training
Attend #Free #Demo 
Call : 9704868185", https://t.co/PXzRPGEK5E,0,1
2019-08-16 06:00:45,DatalabsAgency,Datalabs Agency,675,Here are some hierarchy #RULES in #dataviz. Does your design make the cut? https://t.co/oD90qRyvyL by‚Ä¶, https://t.co/CFOZ7T0dOd,1,1
2019-08-16 03:25:13,CharlieDumbb,ùôà üë©üèª‚Äçüíª,21,I've just started @kirill_eremenko's Data Science A-Z course to prepare for my data mining course in fall. It's so‚Ä¶, https://t.co/0tIKsBV8vl,3,1
2019-08-16 02:37:35,vizsmart,Amy Wu,218,I had a great time at the #Tableau diversity talk in Austin‚Äîthanks for the invite! Also got swag. üéÅüòÉ, https://t.co/lslNEGYkoZ,2,1
2019-08-16 01:23:35,phxtug,Phoenix TUG,658,#phxtug heats up August in style. How Organizations Thrive with Data and Analytics #businesstransformation‚Ä¶, https://t.co/Ytet6yHCGc,7,4
2019-08-15 23:19:29,hyounpark,Hyoun Park (Î∞ïÌòÑÍ≤Ω) in the Bay Area üè≥Ô∏è‚Äçüåà,12350,Inside our Slack Channel: A Conversation on #Salesforce acquiring #Tableau via @amalgaminsights, https://t.co/D4DFZtAqDt #bi #crm #heroku,1,1
2019-08-15 22:59:34,ATLTUG,Atlanta Tableau User Group,117,BIG thanks to @MoxieUSA for hosting #ATUG today and wonderful presentation from Sr. Analyst @matthewpimenta! Check‚Ä¶, https://t.co/zCfcwApUwN,5,1
2019-08-15 22:32:07,ATLTUG,Atlanta Tableau User Group,117,Thank you @eablaze! Awesome job at today's #ATUG mtg. Fascinating to see how #Tableau can work with voice data to p‚Ä¶, https://t.co/FPy8l9QPzz,9,1
2019-08-15 21:59:05,shortenl,Louise Shorten,1100,This looks like a great event! #tableau, https://t.co/dURBKYceoV,3,1
2019-08-15 21:15:02,interworks,InterWorks,6345,"Eugenia shares what you need to know, plus some bonus insight from her firsthand experience, to become a #Tableau D‚Ä¶", https://t.co/e8C2jvfcCG,1,1
2019-08-15 20:31:38,JakeVanHecke,jvh,260,"I made a quick lil radial chart of the running total of our @riverwest24 lap times. #Tableau

https://t.co/4jhtGc7LMa",,0,1
2019-08-15 20:19:15,frances_okolo,Frances Okolo,17,"I have to say #Tableau 10 Business Intelligence Cookbook Paperback by Donabel Santos is a really good book

https://t.co/WroohYJLrd",,0,1
2019-08-15 19:38:59,KubicleTraining,Kubicle,317,Improve your team's insights and decision-making skills with #OnlineLearning in #Tableau. Sign up for a free 14 day‚Ä¶, https://t.co/cXvR5nURPH,1,1
2019-08-15 19:14:16,RocksetCloud,Rockset,464,"[Blog] Using DynamoDB streams to build live business dashboards 

1. DynamoDB Streams + Lambda + Kinesis Firehose +‚Ä¶", https://t.co/q6KL23mjkP,6,3
2019-08-15 19:10:34,KPIPartners,KPI Partners,2728,KPI delivered five #KPICloudAnalytics modules using a blended onsite and offshore team consisting of business exper‚Ä¶, https://t.co/tgdefETPUh,0,1
2019-08-15 18:15:02,interworks,InterWorks,6345,Matthew demonstrates how to make filtering work for you in this post on Portals for #Tableau. He walks through seve‚Ä¶, https://t.co/6mFe2lCC28,1,1
2019-08-15 17:50:15,couponfree01,Coupon Free,1914,Udemy Free Discount - Data Science Career Guide - Interview Preparation #udemycoupon -&gt; https://t.co/eXJavb0CmD‚Ä¶, https://t.co/7r8YYZ0eRR,3,2
2019-08-15 17:50:01,VoiceBase,VoiceBase,4006,"#Atlanta #Tableau users, hope to see you at today's #TUG event! Our very own Emily Nave joins Matt Pimenta from‚Ä¶", https://t.co/hgqC2t5lCE,3,1
2019-08-15 16:30:21,CorusStaffing,Corus360 Talent Solutions,328,"UPDATE - New #roles available! 

If you or someone in your network needs more information, please contact Kori Losa‚Ä¶", https://t.co/EwyUejSGLR,2,1
2019-08-15 16:06:36,freecoupondisco,Free Coupon Discount,63,"Free Coupons Discount - The Gatsby Masterclass Courses -&gt; https://t.co/QmfFoPPWc4

#udemy #webdevelopment #React‚Ä¶", https://t.co/IZtCvhQTfu,5,6
2019-08-15 15:43:17,DecisionViz,Lee Feinberg,784,Data + Beer.  Apparently it's more than my friends who know how much I love this comboü§Ø@BeerAdvocate @tableau‚Ä¶, https://t.co/JUkbAm06ZA,4,1
2019-08-15 15:37:30,couponfree01,Coupon Free,1914,Udemy Free Discount - Interactive Python Dashboards with Plotly and Dash #udemycoupon -&gt; (https://t.co/4rNQvHICKL‚Ä¶, https://t.co/PKgZP2oJK7,4,1
2019-08-15 15:33:49,frances_okolo,Frances Okolo,17,"My First Word Cloud.
#Tableau #VizOfTheDay", https://t.co/MarvGFXoJQ,0,1
2019-08-15 15:30:21,StatsN3rdGirl,Michelle ü§ìüìàüìâüìä,187,How many columns are too many in a table? 100? 1000? üòÇü§êü§∑üèª‚Äç‚ôÄÔ∏èü§¶üèª‚Äç‚ôÄÔ∏èüíÄ #Database #Analytics #DataScience #SQL #Tableau #Alteryx #ETL #ELT,,2,1
2019-08-15 15:30:07,interworks,InterWorks,6345,"When it comes to tackling date calculations in #Tableau, this blog is a lifesaver. Find Robert's downloadable templ‚Ä¶", https://t.co/tHs79kvbjH,0,1
2019-08-15 14:50:05,infolabUK,The Information Lab,7529,"@joseva451 this time shows us how to create points üìç and lines ‚úèÔ∏è in #Tableau: https://t.co/mxUo3XtG49

#TableauTip‚Ä¶", https://t.co/5MXRs0EjzA,0,1
2019-08-15 14:15:53,neurogrok,Marie Mooney,70,"@michaelbloem @bigdataignite Love python too, but #R Caret package is my jam. Also a fan of R integration into‚Ä¶", https://t.co/0iLAw7qUDg,0,1
2019-08-15 14:05:05,infolabUK,The Information Lab,7529,"#TableauTip üí°
In this blog, you can learn how to get people to remember your #DataViz : https://t.co/4fCBsASCpj‚Ä¶", https://t.co/TE3KBrDojh,5,3
2019-08-15 14:02:01,AdwordsMastery,GoogleAdwordsMastery,16087,"This Has Been An Active Summer For #Technology Giants Acquiring Data Analytics Startups. In June,¬†=Google purchased‚Ä¶", https://t.co/d3Qu3t0Zsg,2,1
2019-08-15 13:44:17,greaterthanxbar,Amanda Darcangelo,16,"Another @tableaupublic dashboard this time featuring my fav podcast, @ATWWDpodcast ! @xtineschiefer , @TheEmSchulz‚Ä¶", https://t.co/3hErF6xBfq,1,0
2019-08-15 13:43:23,mrhoffman,mrhoffman,425,Getting started #AI #ML  @Comcast #Cx @ibm #watson #cognitivescience #h2o.ai #tableau #cxc‚Ä¶, https://t.co/DcdbsLBis8,0,1
2019-08-15 13:39:25,mapsnstats,Adrian Lee,250,Not too often I'm let down by #Tableau but its inability to read csv data from a url is a real shame. Web data conn‚Ä¶, https://t.co/E1NV2pG3iT,1,1
2019-08-15 13:21:39,kallen_turner,Turner Kallen,50,"Headed to the #DallasWorldTour! See y'all there ü§† can't wait to see @bradfordburns give his keynote presentation ""A‚Ä¶", https://t.co/5U3kTIuyXP,11,1
2019-08-15 12:34:07,theinfolabie,Information Lab Irl,857,"How do I Filter Dimensions in Tableau Software (Part 4 - Wildcard Tab)?

Grab a coffee, take three minutes and find‚Ä¶", https://t.co/gWvWeh8LGI,7,3
2019-08-15 12:13:02,Dustiboy21,Dustin Cabral,503,#ChartChamp 2019 is officially open! Join us Sept 19 @harpoonbrewery in Boston! Sign up here to compete or watch (‚Ä¶, https://t.co/XH4mVqyExs,1,1
2019-08-15 11:30:11,infocaptor,InfoCaptor,13297,"#Qlikview #Tableau alternative with packaged #datawarehouse 
Beautiful #visualization
Super affordable #analytics‚Ä¶", https://t.co/4lNGylq7hS,0,1
2019-08-15 10:33:34,data_hungry,Natasha K,1040,Highly recommend to register for the upcoming #Tableau webinar with @echenty on country music evolution. Her analys‚Ä¶, https://t.co/n27uBVPD9V,4,1
2019-08-15 09:55:59,We_Visualize,WeViz,73,"Memories from our last meetup at @kudihq, who's excited for the next?

https://t.co/ZRfUc2oTf5 
#DataAnalytics‚Ä¶", https://t.co/EQk9xofkv5,7,8
2019-08-15 09:08:41,M2dot,M2.,173,We are already looking forward to exciting discussions at the @tableau User Group on 19 August in Zurich! üòâüòÅ‚Ä¶, https://t.co/8UgiS24qnG,2,1
2019-08-15 04:25:11,prlisborg,Paul R. Lisborg,143,We've reached capacity for our Atlanta #Tableau User Group meeting tomorrow at Moxie. Make sure to arrive early...‚Ä¶, https://t.co/jUUpFmgJTs,5,1
2019-08-15 04:15:10,JadolfoHC,ùêÄùêùùê®ùê•ùêüùê® ùêáùêûùê´ùêßùêöùêßùêùùêûùê≥,532,"Hey #tableau #datafam! I have an issue that I don't know how to solve. I have 2 filters, 1 with cat and the other w‚Ä¶", https://t.co/nwue3EJjen,0,1
2019-08-15 03:14:21,freecoupondisco,Free Coupon Discount,63,"Free Coupons Discount - Getting Started with React Courses -&gt; https://t.co/0calfqsRhS

#udemy #webdevelopment‚Ä¶", https://t.co/ugVgOruFbH,3,5
2019-08-15 02:38:39,michaelangeles,michaelangeles,832,"In Cold Blood, BostonTUG, #WickedVizzah, Olivia, ‚Äô72 Telecaster Deluxe, DataNOTDoctrine. Don't miss this incredible‚Ä¶", https://t.co/NoaBUSlxYw,24,4
2019-08-15 02:29:25,couponfree01,Coupon Free,1914,"Udemy Free Discount - Math for Machine Learning #udemycoupon -&gt; https://t.co/SleaDjdNVT

#DataScience‚Ä¶", https://t.co/D897jwD0JU,5,7
2019-08-15 02:16:32,saqibali_ca,Saqib Ali,42,@pluralsight is hiring Analytics System Engineers with #Alteryx and #Tableau experience:, https://t.co/ya4zkwWEPx,0,0
2019-08-14 23:31:55,FisherKarey,Karey Fisher,82,Teaching is a work of heart @NurseryRoad #Tableau #FocusFive #MagnetSchoolsofAmerica @swheeler_le #PrideIn5, https://t.co/yLDGmG7Qh5,4,3
2019-08-14 23:06:53,TheBakster72,Jim Bak,85,Two of my favorite things cars and data  #data #tableau #formula1 #connectedcars, https://t.co/IaT06YlTxr,1,1
2019-08-14 22:50:01,Cardanski0,Carter McHasTakes,152,"I'll keep adding to the list of metrics. Please let me know if there's one you really want to see. 

Sometime soon‚Ä¶", https://t.co/paPtDXkg6C,2,1
2019-08-14 22:23:24,lordharbar,Sam Halen,27,"Sometimes I think I'm doing well and have finally ""grown-up"" and then my computer freezes for .02 seconds. #computerrage #tableau #realadult",,2,2
2019-08-14 22:00:23,Grazitti,Grazitti Interactive,3809,"Salesforce is on a roll! Shortly after #Tableau, the #CRM behemoth signed a definitive agreement to acquire ClickSo‚Ä¶", https://t.co/7EWEu4rIpi,11,9
2019-08-14 21:35:53,HealthTUG,Tableau Healthcare User Group,283,Get to know your #tableau ambassadors - check out this dashboard., https://t.co/KrNWLaGrY3,1,1
2019-08-14 21:28:34,M_Eerens,Marian Eerens üè≥Ô∏è‚Äçüåà,520,In case you missed the live feed - you can catch up via the link below (no facebook account needed) #tableau‚Ä¶, https://t.co/zVr4boS5wA,3,1
2019-08-14 20:54:23,onebridgetech,Onebridge,2965,#CaseStudy- Learn how this #healthcare company improved response agility and FDA compliance when addressing custome‚Ä¶, https://t.co/uLadMdKi8V,0,1
2019-08-14 20:53:23,jwillie,Jeff Willinger MVP ‚òÅÔ∏è #SPSNYC,20713,This is the perfect how to #PowerBI guide.  #Tableau #Qlik #dashboard #Analytics #data, https://t.co/q5KpIbCO1a,1,1
2019-08-14 20:51:32,sarahlovesdata,Sarah Bartlett,6032,Bookmark this now! #Tableau, https://t.co/3Rx0mY0GzE,18,0
2019-08-14 20:38:54,sarahlovesdata,Sarah Bartlett,6032,Learn all about the #Tableau Ambassadors used this handy tool built by @SwaggyKJ! #digthisviz, https://t.co/wh69ovs4po,7,0
2019-08-14 19:38:00,KubicleTraining,Kubicle,317,Unsure of what #Tableau is? Here is breakdown of how it could benefit you.  #data, https://t.co/7s8X8aBjI4,1,1
2019-08-14 19:20:02,infosolinc,"InfoSol, Inc.",268,Did you miss out on the #InfoBurst Webinar: Burst Tips &amp; Tricks and Leverage your XDC‚Äôs in #Tableau &amp; #PowerBI? The‚Ä¶, https://t.co/1EbugJiy7g,0,1
2019-08-14 18:59:11,JonaCao,ÂõßÊõπÂßëÂ®ò,1403,@kelly_gilbert Kelly! I loved your #tableau viz of the day Charts for Visualizing a Funnel or Pipeline. Question: I‚Ä¶, https://t.co/vjTChvixbH,0,1
2019-08-14 18:35:13,ellaworsdale,Ella Worsdale,701,"Not only did I become a #tableau ambassador last week ü§©....now I am actually in a dataviz!! #amazing
Great job‚Ä¶", https://t.co/Q7bisYSKkG,21,1
2019-08-14 18:34:33,EmilySquirrely,Emily Squirrely,64,My own personal #tableau #makeovermonday. National energy benchmarking data before and after 6 week #dataanalytics‚Ä¶, https://t.co/N5WTuAjmve,7,2
2019-08-14 18:30:04,interworks,InterWorks,6345,Your dashboard #design can either reinforce the #data story you're telling or distract from it. This video details‚Ä¶, https://t.co/6CvdNw5f1z,0,1
2019-08-14 18:24:03,jeffhessdata,Jeff Hess,34,Had a bout of @accidental__aRt today with #Tableau. Whoops... ü§∑‚Äç‚ôÇÔ∏è, https://t.co/WuVGm8EIh0,15,4
2019-08-14 18:11:16,SwaggyKJ,Swagat Kumar Jena,73,"Finally ""Know your Ambassadors Better"" dashboard is complete. #Thanks everyone for your feedback and suggestions‚Ä¶", https://t.co/l9wOBt9Nc1,35,5
2019-08-14 18:03:25,russ_lyman,Russ Lyman,187,A simple viz I made to show economic disparity worldwide and within the US. #tableau #interworks, https://t.co/hRpGlFuw34,0,1
2019-08-14 17:44:02,Cardanski0,Carter McHasTakes,152,sneak peek of the data üëá. final tool will be in #Tableau, https://t.co/ONWiygaffU,2,0
2019-08-14 17:31:21,dataforacause,@dataforacause,506,Check out visualization of #DataForACause volunteer @LucaUrzi on how the #sealevel changed since 1993üê≥‚Ä¶, https://t.co/MOPewUUHUE,8,1
2019-08-14 17:28:56,LRS_Education,LRS Education,27,"Does your organization need help learning how to better use data to make business decisions? On our blog, Chris Bec‚Ä¶", https://t.co/BR1wbjy40a,1,0
2019-08-14 16:48:00,couponfree01,Coupon Free,1914,Udemy Free Discount - R Programming: Advanced Analytics In R For Data Science #udemycoupon -&gt;‚Ä¶, https://t.co/9I7BUlc0kt,4,4
2019-08-14 16:17:12,schaubkatelyn,Kate Schaub,295,"@TriMyData @VizWizBI @sarahlovesdata @tableau @tableaupublic @SpencerPHey Thank you for the feedback, @TriMyData! M‚Ä¶", https://t.co/w5eNnqsWG2,8,1
2019-08-14 16:11:59,lucie_bailly,Lucie,114,"A look at Diabetes clinical trials 
#MakeoverMonday
Week 33 2019
@VizWizBI @TriMyData
 
--&gt; Link to the viz:‚Ä¶", https://t.co/Fy64R8pMBp,2,1
2019-08-14 16:02:03,RocksCloud,Cloud Data Rocks,1,"Would you like to increase your skills in persuasion, visualization, creativity with dashboards? Here are some amaz‚Ä¶", https://t.co/KtkWFRkv7t,1,0
2019-08-14 15:56:57,BritniFreiboth,Britni Freiboth,340,I‚Äôm so thankful for the time I‚Äôve spent with our amazing coworkers outside of the office. #tableau @ Chicken + Whis‚Ä¶, https://t.co/uQ0bQv1bNo,0,1
2019-08-14 15:44:49,ryanmcg13,Ryan,259,"AIRBNB IN DUBLIN (June 2019):
9822 listings with an average price of ‚Ç¨118 a night.
4662 are private rooms; how many‚Ä¶", https://t.co/FU31jR7fro,8,3
2019-08-14 15:22:21,ShaneTurbeville,Shane Turbeville,3,"Game of Thrones IMDB Ratings
#GameOfThrones #Tableau

https://t.co/z0SlWyL7El", https://t.co/BLWUEcZKnL,0,1
2019-08-14 15:19:33,HealthTUG,Tableau Healthcare User Group,283,Amazing growth with constant outreach and education on #Tableau dashboards.  Well done John and @anna_kisting‚Ä¶, https://t.co/wSDv3ST4jY,8,1
2019-08-14 14:43:31,SzczesPiotr,Piotr Szcze≈õ,12,"I am happy to announce that from today on, I am certified Tableau Desktop Specialist :)
#CertifiablyTableau‚Ä¶", https://t.co/uOPX66ak5A,26,1
2019-08-14 14:35:13,HealthTUG,Tableau Healthcare User Group,283,Meeting will start at 11 am Eastern.  Hope you can join us! #tableau #healthcare #healthtug, https://t.co/dyIoDBDGJ7,1,1
2019-08-14 14:13:04,donnacoles30,Donna Coles,639,Formatting 'tables' in #Tableau for #WorkoutWednesday2019 Week 33. Great guest challenge from @CoreyJ34 this week -‚Ä¶, https://t.co/uWhA4JoNlc,8,2
2019-08-14 13:58:29,couponfree01,Coupon Free,1914,Udemy Free Discount - Blockchain A-Z‚Ñ¢: Learn How To Build Your First Blockchain #udemycoupon -&gt;‚Ä¶, https://t.co/fMWQFZy2Ca,4,4
2019-08-14 13:01:29,KyvosInsights,Kyvos Insights,638,Sign up for our upcoming webinar to learn how Kyvos enables Tableau users to analyze all their data instantly and i‚Ä¶, https://t.co/S8Ad7AKtcc,4,1
2019-08-14 12:37:59,edurekaIN,Edureka!,4060,"Here https://t.co/IfQPHWBDe2 is a toe-to-toe comparison of Tableau Desktop, Tableau Public &amp; Tableau Reader that wi‚Ä¶", https://t.co/Nwl8XjTQFH,1,2
2019-08-14 12:15:07,jamilahmed_16,Jamil Ahmed,412,"51 Best #BusinessIntelligence #Certification 

https://t.co/r1FQFcJSZh

#Discounts #SAP #SQLServer #SQL #AI‚Ä¶", https://t.co/FGJSxn9h0g,8,6
2019-08-14 11:58:29,TopBusinessTech,Top Business Tech,27,How to cultivate data-driven culture: @Tableau Software's James Eiloart for Top Business Tech‚Ä¶, https://t.co/ncQb9nnuIs,1,1
2019-08-14 11:50:04,infolabUK,The Information Lab,7529,"#TableauTip üí°
Table calculations can be incredibly powerful, but also quite complex. @marmstm will show us tools th‚Ä¶", https://t.co/mAvef9gAG4,4,2
2019-08-14 11:30:10,infolabUK,The Information Lab,7529,"#ProjectGriffon üêæ
In this blog, there is an example of how to improve the built-in Administrative Views of‚Ä¶", https://t.co/Hug4QQiD6x,4,3
2019-08-14 11:30:09,infocaptor,InfoCaptor,13297,"Web based #Tableau alternative that does beautiful #visualizations, stunning #dashboards, lifts #bigdata and is che‚Ä¶", https://t.co/uUsbUs6HBv,1,2
2019-08-14 11:29:17,AdamMico1,Adam Mico,164,New #tableau #viz inspired by an accident I made while playing with @davidvelleca blog on how to create a rotating‚Ä¶, https://t.co/TB7oDjLInl,5,1
2019-08-14 11:10:05,infolabUK,The Information Lab,7529,"You've built a #TableauDashboard extension. Awesome üëè
How about the user interaction with it?
Check this blog out a‚Ä¶", https://t.co/x34s5P0BVx,3,2
2019-08-14 11:08:04,ExasolAG,Exasol,21181,"Data modeling with our #analytics database, and visual analysis in #Tableau and learn...

- Why you should use the‚Ä¶", https://t.co/sxF9cYPKhg,4,2
2019-08-14 09:53:53,infolabNL,The Information Lab,511,The session catalog of #Tableau Conference 2019 is now live! üéâ Click here to discover the multiple sessions you can‚Ä¶, https://t.co/XVPEym24Ea,0,1
2019-08-14 09:51:54,Sheibban,Sheibban Pervez,154,"We had been hinting at something big for a while, it's time. 

Alphaa is now officially a #Tableau partner. 

Toget‚Ä¶", https://t.co/wWOv6yw5zG,0,1
2019-08-14 07:05:08,DatalabsAgency,Datalabs Agency,675,The 15 Most Common Types of Data Visualizations -, https://t.co/XxQJrZ8vTc #data #dataviz #design #tableau,2,1
2019-08-14 05:34:51,4junctions,4junctions,94,"#Tableau #splunk #mulesoft #Online &amp; Offline #Training
Attend #Free #Demo 
Call : 9704868185", https://t.co/qN5om2PXAM,0,1
2019-08-14 04:52:54,VanessaMiranda1,Vanessa,162,"First report witTableau.yay!!!  let me know ur thoughts https://t.co/uKcViKKSzP

p/s understanding how the coal biz‚Ä¶", https://t.co/aTDuOu21we,2,2
2019-08-14 03:45:03,DatalabsAgency,Datalabs Agency,675,"We‚Äôve got the ultimate Style Guides for you! #tableau, #excel, #highcharts and #infographics - we got you sorted.‚Ä¶", https://t.co/Q7CnKCWrgI,0,0
2019-08-14 03:44:50,freecoupondisco,Free Coupon Discount,63,Free Coupons Discount - Build an Online Store with React and GraphQL in 90 Minutes Courses -&gt;‚Ä¶, https://t.co/TvcoZnpSN5,10,14
2019-08-14 02:30:41,couponfree01,Coupon Free,1914,Udemy Free Discount - Machine Learning Optimization Using Genetic Algorithm #udemycoupon -&gt; https://t.co/UGDwiNCx4T‚Ä¶, https://t.co/VFdv4ldbk7,4,7
2019-08-13 23:46:03,RocksCloud,Cloud Data Rocks,1,"Interested in what is happening at the conference? üò±üò±üò± Join us in live webinar!

https://t.co/DHZAyWx7IV

#tableau‚Ä¶", https://t.co/rtR0XZjVIh,1,1
2019-08-13 23:02:52,CSG_Tech,Cornerstone Solutions Group,7,We at CSG are proud of our partnership with @tableau.  #TeamCSG's #MarkPeterman lists out 8 #Tableau Tips You Didn'‚Ä¶, https://t.co/7P6WjNChzY,4,2
2019-08-13 22:50:08,DatalabsAgency,Datalabs Agency,675,"101 Free Data Visualization Resources - Ideas, Tools &amp; More! https://https://t.co/2MVVvOz1YQ #data #dataviz #design‚Ä¶", https://t.co/1m2TmdqONy,2,1
2019-08-13 22:15:01,interworks,InterWorks,6345,"Aus clears away the confusion surrounding how to deselect buttons in #Tableau. Find his process, and see how to kee‚Ä¶", https://t.co/FMpwSWMUwX,2,1
2019-08-13 22:06:29,elliekmason,Ellie Mason,381,"Had so much fun learning @qgis to enable me to visualise Iceberg movement around the Antarctic in @tableau! ‚ùÑÔ∏èüåé

Ha‚Ä¶", https://t.co/ycCCvrTtkS,62,12
2019-08-13 21:48:24,armoursingh,Amar Singh,1,"#tableau #MakeoverMonday 2019W29 Share of Americans Not Having Sex
@VizWizBI @TriMyData @tableaupublic‚Ä¶", https://t.co/nDt8bzagzb,0,1
2019-08-13 21:00:13,interworks,InterWorks,6345,Matthew's blog lays out how to activate localization support in your #Portals for #Tableau. Learn more about this‚Ä¶, https://t.co/WAQ6t80qVG,0,1
2019-08-13 20:21:36,jp_economics,Juan Pablo Zorrilla,176,#Tableau #Visualization How I found inspiration in the #data behind my favorite #music, https://t.co/mPXNMWsr10,4,1
2019-08-13 20:05:21,ColumChiOnline,Columbia Chi Online,289,Make the most of your data through the power of #datavisualization. Learn more about how you can transform data int‚Ä¶, https://t.co/YxnZDFFwsA,1,1
2019-08-13 19:37:13,Cleartelligence,Cleartelligence,160,"It's back! Chart Champ 2019 will be held on September 19th at Harpoon Brewery in Boston, MA. Join us for a day of w‚Ä¶", https://t.co/fLRvcNVlbk,3,3
2019-08-13 19:30:29,BLarsenViz,Bryce Larsen,121,"Is there a way to make the URL for a background image dynamic?

Alternative solution is to use a web object but it‚Ä¶", https://t.co/qmiXT23VVv,0,1
2019-08-13 19:07:10,KPIPartners,KPI Partners,2728,Check out how KPI built #AzureHDInsight #Hadoop based POS Analytics system. KPI delivered an automated data standar‚Ä¶, https://t.co/UzuIHXs1ho,3,2
2019-08-13 18:43:08,quantum_relic,Vince Baumel,1430,"If you think it's tough writing calculations in #Tableau, you should try writing them in #LISP", https://t.co/w0TkSFDuEI,9,1
2019-08-13 18:09:49,EveThomas1,Eve Thomas,295,"A BIRD'S EYE VIEW OF CLINICAL TRIALS

I thought I would keep things simple with this weeks #MakeoverMonday and play‚Ä¶", https://t.co/jMyXKi2kxM,55,3
2019-08-13 17:35:09,Vizalyst,Paul Albert,47,"Makeover Monday 2019 W33 - Clinical Trials
Trying to make the data tell us more about overall focus and differences‚Ä¶", https://t.co/6savKWw8qB,6,1
2019-08-13 17:33:29,sarahlovesdata,Sarah Bartlett,6032,Don‚Äôt forget #IronViz feeder #3 is currently underway! Start exploring the dataset provided by @AP today &amp; think ab‚Ä¶, https://t.co/dnyLD0OjWv,5,0
2019-08-13 17:16:31,chill3r1,chill3r,18,My trusty steed ... #tableau #infosec #Forensic, https://t.co/7ahUg14CwK,1,0
2019-08-13 16:55:06,iii_gis,Integrated Informatics Inc,165,"In IT, Business Intelligence (BI) tools are all the rage. Many professionals rely on software like #Tableau,‚Ä¶", https://t.co/jIcNV7zkvX,2,2
2019-08-13 16:53:46,kmeyerdata,Kevin Meyer,6,Finally investigating #Tableau extensions. I‚Äôve done a lot with the older APIs and there is a strong business case‚Ä¶, https://t.co/k7X0JiIAvl,0,1
2019-08-13 16:51:56,ckulkarni7,Chaitanya Kulkarni,257,"Hi #Tableau Community,

Do you create any documentation on Tableau project in your organization?

I'm asked for it‚Ä¶", https://t.co/0lYzTkcDZJ,8,0
2019-08-13 16:06:15,alepoptosis,Alex Avallone,59,"New #post on this week's #MakeoverMonday #Tableau dash. There was a lot to say about this one, from highlighting th‚Ä¶", https://t.co/31xr9bRyWo,3,1
2019-08-13 15:57:19,Derevo_QV,Derevo,1033,"3,2,1‚Ä¶ Action!
Find out how #AI is bing used in video editing.

#Qlik #Rapidminer #Tableau", https://t.co/jEh3R51BYA,2,0
2019-08-13 15:09:54,VanessaMiranda1,Vanessa,162,"Report analysis with the use of  advanced table calculations - checked! Check it out, feedback appreciated &gt;&gt;‚Ä¶", https://t.co/gLj7TRGrWc,6,4
2019-08-13 15:06:50,couponfree01,Coupon Free,1914,"Udemy Free Discount - Tableau for Beginners: Get CA Certified, Grow Your Career #udemycoupon -&gt;‚Ä¶", https://t.co/f14pJmqyQE,3,5
2019-08-13 14:31:41,vizsmart,Amy Wu,218,"Where goes the heart? ‚ô•Ô∏è

The leading cause of death in women is heart disease but it is not the primary focus of t‚Ä¶", https://t.co/G2Z1nAgXf3,8,1
2019-08-13 14:25:51,mikanassociates,Mikan Associates,334,"Next week: Join us in #Milwaukee for a #free 'Increasing Speed to Business Insight with 
@SnowflakeDB + @tableau' b‚Ä¶", https://t.co/oyxgvn9dDC,0,1
2019-08-13 14:14:36,FHLBankPgh,FHLBank Pittsburgh,306,"We're looking for a #Tableau Developer to join our team. #banking #career
https://t.co/5KTURcYdMv", https://t.co/ergJTqEwqB,0,1
2019-08-13 14:13:23,s4m_bloch,Samuel David,123,"@tableau What's the best way to model star schema's in tableau with multiple fact tables, seems like #tableau is ha‚Ä¶", https://t.co/nSLg40kFX6,1,1
2019-08-13 13:31:29,tq_equities,TQ Equities,170,$DATA finds buyers around 169.53 for the forth day in a row:," https://t.co/3uvPpBeLIR
Sentiment: Bullish #DATA #Tableau",1,1
2019-08-13 13:02:18,AlexanderVar7,Alex Varlamov,377,"Motion in #tableau. House of Representatives.
Thanks @kizley and @ZenDollData for sharing plum pudding chart creati‚Ä¶", https://t.co/02DdIyUuRp,214,37
2019-08-13 13:01:37,ChelseaMNichols,Chelsea Nichols,213,Morning @tableau! I have a union of 4 csv files and the data is showing up in some but not all. It's all the same d‚Ä¶, https://t.co/M2MroMSj3w,0,1
2019-08-13 13:01:05,TechGirlzorg,TechGirlz,10089,Want to know how to tell impactful stories from data you have collected? Learn how at this TechShop with‚Ä¶, https://t.co/rshUaAmdi9,3,2
2019-08-13 12:54:15,usdatascience,U.S. Data Science Jobs,1763,"Check out ""Data is The New Oil - Data Scientist"" Available via Teespring https://t.co/ZAt1bAEu0t A real‚Ä¶", https://t.co/uHqIvlQnrr,2,1
2019-08-13 12:46:45,DecisionViz,Lee Feinberg,784,"DATA + MEAT.  If you like data or if you like meat, you will üíô The Meat-Rix @fleishers #dataliteracy #datastory‚Ä¶", https://t.co/QSimqQtwiG,0,2
2019-08-13 12:20:00,michaelangeles,michaelangeles,832,"Here is my #makeovermonday week 33 entry. A Bird's Eye View of Clinical Trials, A focus on Hepatitis for the years‚Ä¶", https://t.co/aHDQu6zUGp,4,1
2019-08-13 11:59:59,cognetik,Cognetik,835,"Type in our connector, click a few times and voila! Abracadabra, where‚Äôs your data? Already imported to Tableau, in‚Ä¶", https://t.co/fmKJJNSMYv,1,1
2019-08-13 11:50:04,infolabUK,The Information Lab,7529,#Geography üó∫Ô∏è may play an influential role in the sales of our products. Here a #DataViz that allows you to underst‚Ä¶, https://t.co/yHAY3fTPLj,4,1
2019-08-13 11:30:10,infolabUK,The Information Lab,7529,"#TableauTip üí°
In this blog we would like to talk about colour blindness and why we should be careful of using the c‚Ä¶", https://t.co/4ZF5ja4PD0,10,2
2019-08-13 11:25:43,InterWorksEU,InterWorks Europe,527,Keith shares how some small changes with #ParameterActions can make a huge impact when it comes to your #UX. Check‚Ä¶, https://t.co/L3YdNq9lPD,0,0
2019-08-13 11:05:05,infolabUK,The Information Lab,7529,"As #TC19 in Las Vegas üìì is approaching, here some good suggestions whether you are new to #Tableau or have reached‚Ä¶", https://t.co/aRRAQUqYUZ,0,1
2019-08-13 11:00:26,ktkilroy,Katie Kilroy,126,"üì¢Hey #datafam in the #Cork area, we've got our next #CorkTUG set for Sept 18th @republicofwork! @Ciara_B_27 and Pau‚Ä¶", https://t.co/l3szKFDttF,9,3
2019-08-13 10:37:54,CliftyShow,Alex Clift,41,"I just registered for this year's https://t.co/QuTRYtNdVO 
 - Tableau will be there with a number of healthcare par‚Ä¶", https://t.co/VZbxTH9ghf,1,1
2019-08-13 10:22:29,elysiumacademy,elysiumacademy,55,"Learning this #tableaucertificationcourse helps you to build your interactive dashboards, master data sources, data‚Ä¶", https://t.co/k3lKsd3BVu,1,1
2019-08-13 10:06:09,KubicleTraining,Kubicle,317,Boost your team's skills with #onlinetraining in #Tableau. Help employees deliver greater insights and better a dec‚Ä¶, https://t.co/PMcIjy5zws,1,1
2019-08-13 09:34:37,DHL66,Denise Hudson FLPI MBCS ILM,1581,Join @AnnUJackson  Webinar : Four Steps to building a data-driven culture https://t.co/9Q5I9eGNd5 and find out more‚Ä¶, https://t.co/4rpuga1pXQ,3,2
2019-08-13 09:11:14,alepoptosis,Alex Avallone,59,"After accidentally deleting my first #Tableau #dashboard yesterday, I managed to recover the original workbook and‚Ä¶", https://t.co/JMnv5GSDia,2,1
2019-08-13 08:00:21,ai_jobsNET,ai-jobs.net,105,Shopify is looking for Senior Data Scientists: https://t.co/R9aDzJTEkN  #AI #ArtificialInteligence #MachineLearning‚Ä¶, https://t.co/RXFrnsa3RI,3,1
2019-08-13 07:50:55,InterWorksEU,InterWorks Europe,527,"Brenden shares candidly about his #analytics journey, creating #Tableau dashboards that lived up to his expectation‚Ä¶", https://t.co/8yVgqOd13p,1,1
2019-08-13 07:36:09,jlannelongue_,Julien Lannelongue,174,"House Prices in England and Wales

How has the housing market changed since 1997? Explore this visualization by Rob‚Ä¶", https://t.co/wANIItITjJ,1,2
2019-08-13 07:33:39,CreateAndLearn1,Roger Create and Learn,5,"""Five Ways Data Analytics Can Drive Growth For Your Business""üìäüëç

Read: https://t.co/vIqu82nYJ9‚Ä¶", https://t.co/dj5Qv5sQTM,1,2
2019-08-13 07:30:00,Biztory,Biztory,376,Curious about the new @tableau Server 2019.2 browsing experience? Check out our comparison video. #tableau #2019.2‚Ä¶, https://t.co/xtq0kzyPhZ,1,1
2019-08-13 07:12:47,swatich17735928,swati chopra,4,"Golden Opportunity to Gain Proficiency in ""Yableau "", Get Certified &amp; Trained by Certified Professionals 
If you ar‚Ä¶", https://t.co/Si3Od8oHGG,0,2
2019-08-13 06:56:20,BeinexOfficial,Beinex,338,Learn how the popular #Healthcare providers are leveraging the power of #SelfServiceAnalytics by @tableau to drive‚Ä¶, https://t.co/mrJcbZrhXk,8,3
2019-08-13 06:33:56,1990koulrahul,Rahul koul üîµ,274,"Iris Software Inc. is looking for #Tableau admin profiles with experience ranging from 9+ years, Job location- Noid‚Ä¶", https://t.co/UAwFO1pPTz,0,1
2019-08-13 06:12:03,VanessaMiranda1,Vanessa,162,"Good lawd, have been stuck at this calculation error for hours üò¢üò•
#100DaysofCode 
#GirlsCantVisualise
#GeekforGeek‚Ä¶", https://t.co/P8RwsfoTNo,5,7
2019-08-13 06:01:07,biolabanalytics,"Bio Lab Analytics, LLC",146,"It was the #dataviz #grudgematch of the decade: #Tableau vs #PowerBI, dueling developers squared off, pushing the B‚Ä¶", https://t.co/FIckcej4oR,1,2
2019-08-13 05:55:47,Sheibban,Sheibban Pervez,154,"#Tableau Day Aerocity

Tableau Day, Delhi was a fantastic event that detailed out new features and product roadmap.‚Ä¶", https://t.co/rr773Be19H,0,1
2019-08-13 05:55:29,shubhangijena__,Shubhangi,36,"Entered for @tableau's Data+Music campaign with this viz. Go on play with it! 
https://t.co/1sDth19SoN 
Comments an‚Ä¶", https://t.co/9NXvVGJg5Y,6,1
2019-08-13 05:43:46,analyst_era,AnalystEra,20,"WANT TO #UPGRADE YOUR SKILL SETS??? *TABLEAU*
üåüBASICS TO ADVANCED in 4 Weeks @ INR 2999/-
üåüREAL-TIME USER CASES
üåüRE‚Ä¶", https://t.co/NrfTGidWBZ,0,1
2019-08-13 05:38:12,armoursingh,Amar Singh,1,"#tableau #MakeoverMonday 2019W33 A Bird's Eye View of Clinical Trials 
@VizWizBI @TriMyData @tableaupublic‚Ä¶", https://t.co/1Gieaa7AOZ,2,1
2019-08-13 04:10:04,DatalabsAgency,Datalabs Agency,675,The 15 Most Common Types of Data Visualizations -, https://t.co/XxQJrZ8vTc #data #dataviz #design #tableau,2,1
2019-08-13 04:04:47,freecoupondisco,Free Coupon Discount,63,Free Coupons Discount - Build a Backend REST API with Python &amp; Django - Advanced Courses -&gt; https://t.co/4ZNSOzc3iN‚Ä¶, https://t.co/HJrjGVJj9x,4,7
2019-08-13 03:04:41,couponfree01,Coupon Free,1914,Udemy Free Discount - Data Science A-Z‚Ñ¢ Real-Life Data Science Exercises Included #udemycoupon -&gt;‚Ä¶, https://t.co/gyCTuSHOWp,4,3
2019-08-13 01:32:55,nicole_lohr9,Nicole Lohr,713,#students take advantage of this great resource and join the #Tableau community., https://t.co/xcxATCvJNo,6,1
